openml_id,name,run_type,run_id,prevalence,threshold_center,nll_nb_raw,snb_nb_raw
24,mushroom,prev,0,0.4820285573609059,0.4820285573609059,0.4824615384615383,0.4824615384615383
24,mushroom,prev,1,0.4820285573609059,0.4820285573609059,0.4818461538461538,0.4818461538461538
24,mushroom,prev,2,0.4820285573609059,0.4820285573609059,0.4818461538461538,0.4818461538461538
24,mushroom,prev,3,0.4820285573609059,0.4820285573609059,0.4818461538461538,0.4818461538461538
24,mushroom,prev,4,0.4820285573609059,0.4820285573609059,0.482142857142857,0.482142857142857
31,credit-g,inverse,0,0.3,0.7,0.0116630318282222,-0.0220327010681298
31,credit-g,inverse,1,0.3,0.7,0.0235323383084577,8.813917462458407e-06
31,credit-g,inverse,2,0.3,0.7,0.0015777845708275,0.0335076454364962
31,credit-g,inverse,3,0.3,0.7,0.0151598741230663,0.0320344552151098
31,credit-g,inverse,4,0.3,0.7,-0.0047600434603734,-0.0246144099555055
31,credit-g,prev,0,0.3,0.3,0.1128401542837133,0.1110650937713406
31,credit-g,prev,1,0.3,0.3,0.1281787061783675,0.119195644913716
31,credit-g,prev,2,0.3,0.3,0.1466581496517602,0.1253041516683853
31,credit-g,prev,3,0.3,0.3,0.1236560066174995,0.1147497728622529
31,credit-g,prev,4,0.3,0.3,0.1505633751789966,0.1272490012202572
38,sick,inverse,0,0.0612407211028632,0.9387592788971368,-0.0167018689157574,-0.0261403679806621
38,sick,inverse,1,0.0612407211028632,0.9387592788971368,-0.0191060840182855,-0.0166497886639822
38,sick,inverse,2,0.0612407211028632,0.9387592788971368,0.0008511817569975,0.0
38,sick,inverse,3,0.0612407211028632,0.9387592788971368,-0.0024647174033958,0.0
38,sick,inverse,4,0.0612407211028632,0.9387592788971368,-0.0113716956378089,0.0
38,sick,prev,0,0.0612407211028632,0.0612407211028632,0.0492448215467304,0.0479849065712799
38,sick,prev,1,0.0612407211028632,0.0612407211028632,0.0447801786330489,0.0487933882584361
38,sick,prev,2,0.0612407211028632,0.0612407211028632,0.0460169003051795,0.04965101829334
38,sick,prev,3,0.0612407211028632,0.0612407211028632,0.0490697950207838,0.0516148736227572
38,sick,prev,4,0.0612407211028632,0.0612407211028632,0.0496334467754752,0.0522453804738517
44,spambase,inverse,0,0.3940447728754618,0.6059552271245382,0.301244382814851,0.2998777429310266
44,spambase,inverse,1,0.3940447728754618,0.6059552271245382,0.3004660155423479,0.3229063627292113
44,spambase,inverse,2,0.3940447728754618,0.6059552271245382,0.2742115950647826,0.2954329540608589
44,spambase,inverse,3,0.3940447728754618,0.6059552271245382,0.2976378072939807,0.3229088599863078
44,spambase,inverse,4,0.3940447728754618,0.6059552271245382,0.3013608338429452,0.3071465009850499
44,spambase,prev,0,0.3940447728754618,0.3940447728754618,0.3291873179298037,0.3225914282593276
44,spambase,prev,1,0.3940447728754618,0.3940447728754618,0.3347085127646279,0.338925772960514
44,spambase,prev,2,0.3940447728754618,0.3940447728754618,0.3242057634909158,0.3325764678334804
44,spambase,prev,3,0.3940447728754618,0.3940447728754618,0.3395984532572201,0.3365313293904265
44,spambase,prev,4,0.3940447728754618,0.3940447728754618,0.338323247838119,0.3350824253267892
151,electricity,prev,0,0.5754546257062146,0.5754546257062146,0.2732755843319623,0.2788460993800555
151,electricity,prev,1,0.5754546257062146,0.5754546257062146,0.2924387510788822,0.2893486034292868
151,electricity,prev,2,0.5754546257062146,0.5754546257062146,0.2842517281627421,0.287298353635801
151,electricity,prev,3,0.5754546257062146,0.5754546257062146,0.2942151567397471,0.292425016524139
151,electricity,prev,4,0.5754546257062146,0.5754546257062146,0.2957859497614044,0.2984630474411542
312,scene,inverse,0,0.1790610718737017,0.8209389281262983,0.0736952449023385,0.046735612389013
312,scene,inverse,1,0.1790610718737017,0.8209389281262983,0.0839947433747163,0.0197793023914443
312,scene,inverse,2,0.1790610718737017,0.8209389281262983,0.1177686045228468,0.0870615791999194
312,scene,inverse,3,0.1790610718737017,0.8209389281262983,0.1488709731685139,0.1508837759604391
312,scene,inverse,4,0.1790610718737017,0.8209389281262983,0.1131693489311527,0.1228262642336034
312,scene,prev,0,0.1790610718737017,0.1790610718737017,0.1581404471554924,0.1533285619361344
312,scene,prev,1,0.1790610718737017,0.1790610718737017,0.1490500216093806,0.1435655065224325
312,scene,prev,2,0.1790610718737017,0.1790610718737017,0.1508900187427924,0.1493873158800704
312,scene,prev,3,0.1790610718737017,0.1790610718737017,0.1551709869499971,0.1595192478804951
312,scene,prev,4,0.1790610718737017,0.1790610718737017,0.1416979096428665,0.1428425744408674
821,house_16H,inverse,0,0.2959971910112359,0.7040028089887641,0.0471356562406499,0.0571869673070606
821,house_16H,inverse,1,0.2959971910112359,0.7040028089887641,0.0515723466337102,0.0779122366892383
821,house_16H,inverse,2,0.2959971910112359,0.7040028089887641,0.0354377493691676,0.0538323967586631
821,house_16H,inverse,3,0.2959971910112359,0.7040028089887641,0.0375748604480435,0.0640256450589393
821,house_16H,inverse,4,0.2959971910112359,0.7040028089887641,0.0518391606834919,0.0791498428160937
821,house_16H,prev,0,0.2959971910112359,0.2959971910112359,0.1877129086066987,0.1910101630238814
821,house_16H,prev,1,0.2959971910112359,0.2959971910112359,0.1932412106075242,0.1992187136043679
821,house_16H,prev,2,0.2959971910112359,0.2959971910112359,0.1838332601704009,0.1896815967442902
821,house_16H,prev,3,0.2959971910112359,0.2959971910112359,0.1852947916674875,0.1957482230733684
821,house_16H,prev,4,0.2959971910112359,0.2959971910112359,0.1870002820357904,0.195980681351016
846,elevators,inverse,0,0.3090547623350804,0.6909452376649197,0.1884301232977099,0.1920152219819969
846,elevators,inverse,1,0.3090547623350804,0.6909452376649197,0.1893263949152969,0.1882526667112322
846,elevators,inverse,2,0.3090547623350804,0.6909452376649197,0.1925955063243308,0.19593897549433
846,elevators,inverse,3,0.3090547623350804,0.6909452376649197,0.1988871648073288,0.195389087194144
846,elevators,inverse,4,0.3090547623350804,0.6909452376649197,0.1766917107713195,0.1816105589171304
846,elevators,prev,0,0.3090547623350804,0.3090547623350804,0.2237458223114894,0.2251888138509171
846,elevators,prev,1,0.3090547623350804,0.3090547623350804,0.2273860982599251,0.2254283821603739
846,elevators,prev,2,0.3090547623350804,0.3090547623350804,0.2330269663157835,0.2321162038626536
846,elevators,prev,3,0.3090547623350804,0.3090547623350804,0.2313598632046222,0.230258474499826
846,elevators,prev,4,0.3090547623350804,0.3090547623350804,0.2218654942736601,0.2228771081453376
871,pollen,prev,0,0.5,0.5,0.0101679203027308,0.0101679203027308
871,pollen,prev,1,0.5,0.5,0.0099742949050354,0.0081253985733056
871,pollen,prev,2,0.5,0.5,0.0088752621760286,-0.0189051903299921
871,pollen,prev,3,0.5,0.5,0.0088919307725446,0.0088919307725446
871,pollen,prev,4,0.5,0.5,0.0133391439178748,0.0133391439178748
1036,sylva_agnostic,inverse,0,0.0615491490100729,0.9384508509899271,0.0233351960161099,0.0084535227914177
1036,sylva_agnostic,inverse,1,0.0615491490100729,0.9384508509899271,0.0305356021687747,0.0264222598885312
1036,sylva_agnostic,inverse,2,0.0615491490100729,0.9384508509899271,0.0217753455409184,-0.0064573941388823
1036,sylva_agnostic,inverse,3,0.0615491490100729,0.9384508509899271,0.0326455802395186,0.0395528164253411
1036,sylva_agnostic,inverse,4,0.0615491490100729,0.9384508509899271,0.0264784358272462,0.0332849605269258
1036,sylva_agnostic,prev,0,0.0615491490100729,0.0615491490100729,0.0602125080396974,0.0605787219198963
1036,sylva_agnostic,prev,1,0.0615491490100729,0.0615491490100729,0.0604117602071623,0.0599470066818818
1036,sylva_agnostic,prev,2,0.0615491490100729,0.0615491490100729,0.0604383569444492,0.0609834654970441
1036,sylva_agnostic,prev,3,0.0615491490100729,0.0615491490100729,0.0596217615682123,0.0588534778660477
1036,sylva_agnostic,prev,4,0.0615491490100729,0.0615491490100729,0.0606908597856012,0.060750579282635
1038,gina_agnostic,prev,0,0.4916378316032295,0.4916378316032295,0.3611683168082851,0.3611683168082851
1038,gina_agnostic,prev,1,0.4916378316032295,0.4916378316032295,0.3652607879674088,0.3598303792277299
1038,gina_agnostic,prev,2,0.4916378316032295,0.4916378316032295,0.3782648226170785,0.3782648226170785
1038,gina_agnostic,prev,3,0.4916378316032295,0.4916378316032295,0.3634835398717706,0.3634164827229514
1038,gina_agnostic,prev,4,0.4916378316032295,0.4916378316032295,0.3441358314023492,0.3441358314023492
1043,ada_agnostic,inverse,0,0.2481367821131082,0.7518632178868918,0.0292101468393603,0.034922730830935
1043,ada_agnostic,inverse,1,0.2481367821131082,0.7518632178868918,0.0255256086864719,0.0234451453768917
1043,ada_agnostic,inverse,2,0.2481367821131082,0.7518632178868918,0.0479985277445709,0.0390966581574878
1043,ada_agnostic,inverse,3,0.2481367821131082,0.7518632178868918,0.0344660976722058,0.0366795256142191
1043,ada_agnostic,inverse,4,0.2481367821131082,0.7518632178868918,0.0537953253779708,0.0462401907319268
1043,ada_agnostic,prev,0,0.2481367821131082,0.2481367821131082,0.1461514172018466,0.1435990711843017
1043,ada_agnostic,prev,1,0.2481367821131082,0.2481367821131082,0.1522730022618907,0.1490541339803397
1043,ada_agnostic,prev,2,0.2481367821131082,0.2481367821131082,0.1487663457498456,0.1438006443851077
1043,ada_agnostic,prev,3,0.2481367821131082,0.2481367821131082,0.1558024893099869,0.1552827499386194
1043,ada_agnostic,prev,4,0.2481367821131082,0.2481367821131082,0.1577783661771514,0.1594193018512643
1049,pc4,inverse,0,0.1220850480109739,0.8779149519890261,0.0068493150684931,0.0034246575342465
1049,pc4,inverse,1,0.1220850480109739,0.8779149519890261,-0.0113345117285601,0.0073733189809062
1049,pc4,inverse,2,0.1220850480109739,0.8779149519890261,-0.0210044052880663,-0.0307204928323302
1049,pc4,inverse,3,0.1220850480109739,0.8779149519890261,0.0343642611683848,-0.0078281341692393
1049,pc4,inverse,4,0.1220850480109739,0.8779149519890261,0.0,0.0
1049,pc4,prev,0,0.1220850480109739,0.1220850480109739,0.073527085822073,0.0810014250768915
1049,pc4,prev,1,0.1220850480109739,0.1220850480109739,0.0834567012272114,0.0902550425485751
1049,pc4,prev,2,0.1220850480109739,0.1220850480109739,0.0870741222493892,0.0893165380685848
1049,pc4,prev,3,0.1220850480109739,0.1220850480109739,0.0771042167993863,0.0785826743479879
1049,pc4,prev,4,0.1220850480109739,0.1220850480109739,0.080166848715376,0.0783287747141239
1050,pc3,inverse,0,0.1023672424824056,0.8976327575175944,-0.0131299869709258,-0.0131299869709258
1050,pc3,inverse,1,0.1023672424824056,0.8976327575175944,0.0,0.0
1050,pc3,inverse,2,0.1023672424824056,0.8976327575175944,-0.0573310766826485,-0.0573310766826485
1050,pc3,inverse,3,0.1023672424824056,0.8976327575175944,0.0,0.0
1050,pc3,inverse,4,0.1023672424824056,0.8976327575175944,-0.006651117084344,0.0
1050,pc3,prev,0,0.1023672424824056,0.1023672424824056,0.0462386804868562,0.0504294516513196
1050,pc3,prev,1,0.1023672424824056,0.1023672424824056,0.0496919395916639,0.0496919395916639
1050,pc3,prev,2,0.1023672424824056,0.1023672424824056,0.0558457836496534,0.0581329589033349
1050,pc3,prev,3,0.1023672424824056,0.1023672424824056,0.0498572882688219,0.0583484054519263
1050,pc3,prev,4,0.1023672424824056,0.1023672424824056,0.0448050468915586,0.051811785460449
1053,jm1,inverse,0,0.1934772622875517,0.8065227377124483,-0.0044083757194238,0.0008277829614784
1053,jm1,inverse,1,0.1934772622875517,0.8065227377124483,-0.0008559508861647,-0.0005502602172077
1053,jm1,inverse,2,0.1934772622875517,0.8065227377124483,-0.0034487641696599,-0.0044977794999748
1053,jm1,inverse,3,0.1934772622875517,0.8065227377124483,-0.0022260882194263,0.0002775227442707
1053,jm1,inverse,4,0.1934772622875517,0.8065227377124483,-0.0058345905285811,-0.0018842986814932
1053,jm1,prev,0,0.1934772622875517,0.1934772622875517,0.0601070856490594,0.0590368180721627
1053,jm1,prev,1,0.1934772622875517,0.1934772622875517,0.0621552134837817,0.0604896464226839
1053,jm1,prev,2,0.1934772622875517,0.1934772622875517,0.0614048201185933,0.0641753680726288
1053,jm1,prev,3,0.1934772622875517,0.1934772622875517,0.0610038545087098,0.0626232763895239
1053,jm1,prev,4,0.1934772622875517,0.1934772622875517,0.0627749598275368,0.064222443872735
1067,kc1,inverse,0,0.1545756282598387,0.8454243717401613,0.0076041592982952,0.0076041592982952
1067,kc1,inverse,1,0.1545756282598387,0.8454243717401613,0.0041734455683666,0.0047393364928909
1067,kc1,inverse,2,0.1545756282598387,0.8454243717401613,0.0065195350262903,0.0040745031662285
1067,kc1,inverse,3,0.1545756282598387,0.8454243717401613,0.0,0.0
1067,kc1,inverse,4,0.1545756282598387,0.8454243717401613,-0.0057339575897004,-0.0206541783009951
1067,kc1,prev,0,0.1545756282598387,0.1545756282598387,0.0649233360304722,0.0681715200596651
1067,kc1,prev,1,0.1545756282598387,0.1545756282598387,0.0603901214035932,0.0701391301789892
1067,kc1,prev,2,0.1545756282598387,0.1545756282598387,0.0830718827926605,0.0776455058221221
1067,kc1,prev,3,0.1545756282598387,0.1545756282598387,0.0645464891728841,0.0726565633406551
1067,kc1,prev,4,0.1545756282598387,0.1545756282598387,0.0645006889922237,0.0615565675623537
1068,pc1,inverse,0,0.0694319206492335,0.9305680793507665,0.0,0.0
1068,pc1,inverse,1,0.0694319206492335,0.9305680793507665,-0.122394346396507,-0.1305535531157634
1068,pc1,inverse,2,0.0694319206492335,0.9305680793507665,0.0,0.0
1068,pc1,inverse,3,0.0694319206492335,0.9305680793507665,0.0,0.0
1068,pc1,inverse,4,0.0694319206492335,0.9305680793507665,0.004524886877828,0.004524886877828
1068,pc1,prev,0,0.0694319206492335,0.0694319206492335,0.0257859884996676,0.0293826183071965
1068,pc1,prev,1,0.0694319206492335,0.0694319206492335,0.0254055902344158,0.0347344298783752
1068,pc1,prev,2,0.0694319206492335,0.0694319206492335,0.0340690327436409,0.0311863068436096
1068,pc1,prev,3,0.0694319206492335,0.0694319206492335,0.0343432395099076,0.040696706081501
1068,pc1,prev,4,0.0694319206492335,0.0694319206492335,0.025864936561315,0.0290408346010772
1116,musk,inverse,0,0.1541376174598363,0.8458623825401637,0.1083956751971978,0.1192960039901724
1116,musk,inverse,1,0.1541376174598363,0.8458623825401637,0.0966083780583946,0.1057238873445672
1116,musk,inverse,2,0.1541376174598363,0.8458623825401637,0.1034294724158891,0.1152165288873185
1116,musk,inverse,3,0.1541376174598363,0.8458623825401637,0.0979218188042387,0.1069111690291008
1116,musk,inverse,4,0.1541376174598363,0.8458623825401637,0.0906001721561166,0.0998228185255716
1116,musk,prev,0,0.1541376174598363,0.1541376174598363,0.1442097332128747,0.1462852258560234
1116,musk,prev,1,0.1541376174598363,0.1541376174598363,0.1441611751909309,0.1465455080889475
1116,musk,prev,2,0.1541376174598363,0.1541376174598363,0.142876707253045,0.1418556251514335
1116,musk,prev,3,0.1541376174598363,0.1541376174598363,0.1446744362900912,0.1469181580693003
1116,musk,prev,4,0.1541376174598363,0.1541376174598363,0.1433482377947565,0.1468293336504017
1120,MagicTelescope,inverse,0,0.3516298633017876,0.6483701366982124,0.1133723448401051,0.1249449472829696
1120,MagicTelescope,inverse,1,0.3516298633017876,0.6483701366982124,0.095379269486013,0.1184524983281253
1120,MagicTelescope,inverse,2,0.3516298633017876,0.6483701366982124,0.0856288118033509,0.1187503520402988
1120,MagicTelescope,inverse,3,0.3516298633017876,0.6483701366982124,0.0986325589366066,0.1231466721279604
1120,MagicTelescope,inverse,4,0.3516298633017876,0.6483701366982124,0.0934214396063511,0.1210564449317843
1120,MagicTelescope,prev,0,0.3516298633017876,0.3516298633017876,0.1894786033437049,0.1981812738154483
1120,MagicTelescope,prev,1,0.3516298633017876,0.3516298633017876,0.1829178012531555,0.1872797956082754
1120,MagicTelescope,prev,2,0.3516298633017876,0.3516298633017876,0.186897457042722,0.1905295865391828
1120,MagicTelescope,prev,3,0.3516298633017876,0.3516298633017876,0.1918004668953119,0.1968356341044148
1120,MagicTelescope,prev,4,0.3516298633017876,0.3516298633017876,0.195599711150557,0.2039230164178837
1461,bank-marketing,inverse,0,0.1169848045829554,0.8830151954170447,-0.0170167838963073,-0.0021362507469948
1461,bank-marketing,inverse,1,0.1169848045829554,0.8830151954170447,-0.0119160131411288,0.0
1461,bank-marketing,inverse,2,0.1169848045829554,0.8830151954170447,-0.0254075338723178,0.0
1461,bank-marketing,inverse,3,0.1169848045829554,0.8830151954170447,-0.0232930960544046,0.0
1461,bank-marketing,inverse,4,0.1169848045829554,0.8830151954170447,-0.0184893754749324,0.0
1461,bank-marketing,prev,0,0.1169848045829554,0.1169848045829554,0.0781811086821147,0.0771515192578464
1461,bank-marketing,prev,1,0.1169848045829554,0.1169848045829554,0.0777260608920806,0.0779719408286013
1461,bank-marketing,prev,2,0.1169848045829554,0.1169848045829554,0.0796715037127118,0.0802262162650217
1461,bank-marketing,prev,3,0.1169848045829554,0.1169848045829554,0.0769804208214701,0.0778798790591921
1461,bank-marketing,prev,4,0.1169848045829554,0.1169848045829554,0.0775819149958367,0.0787344178469049
1462,banknote-authentication,prev,0,0.4446064139941691,0.4446064139941691,0.4378054205922139,0.4378054205922139
1462,banknote-authentication,prev,1,0.4446064139941691,0.4446064139941691,0.4334481648415615,0.4334481648415615
1462,banknote-authentication,prev,2,0.4446064139941691,0.4446064139941691,0.4357536155578789,0.4357536155578789
1462,banknote-authentication,prev,3,0.4446064139941691,0.4446064139941691,0.437956204379562,0.437956204379562
1462,banknote-authentication,prev,4,0.4446064139941691,0.4446064139941691,0.4333331380773007,0.4335510267361959
1471,eeg-eye-state,prev,0,0.4487983978638184,0.4487983978638184,0.1073399332863258,0.1641374831997639
1471,eeg-eye-state,prev,1,0.4487983978638184,0.4487983978638184,0.1097861230269298,0.1535130207784819
1471,eeg-eye-state,prev,2,0.4487983978638184,0.4487983978638184,0.1191377664958292,0.1563396341781447
1471,eeg-eye-state,prev,3,0.4487983978638184,0.4487983978638184,0.1060549216857909,0.1512798003049423
1471,eeg-eye-state,prev,4,0.4487983978638184,0.4487983978638184,0.1112247785957656,0.1568164379874932
1485,madelon,prev,0,0.5,0.5,0.0564113734854656,0.0564113734854656
1485,madelon,prev,1,0.5,0.5,0.0587696747848613,0.0587696747848613
1485,madelon,prev,2,0.5,0.5,0.0865458703436156,0.0865458703436156
1485,madelon,prev,3,0.5,0.5,0.0679124244129577,0.0679124244129577
1485,madelon,prev,4,0.5,0.5,0.0867871228441695,0.0867871228441695
1486,nomao,inverse,0,0.7143769041056144,0.2856230958943856,0.6838225069441453,0.6845470266786069
1486,nomao,inverse,1,0.7143769041056144,0.2856230958943856,0.6862402980510822,0.6858384736491007
1486,nomao,inverse,2,0.7143769041056144,0.2856230958943856,0.6834471306294431,0.6816023666311546
1486,nomao,inverse,3,0.7143769041056144,0.2856230958943856,0.686116114564155,0.6861476876404717
1486,nomao,inverse,4,0.7143769041056144,0.2856230958943856,0.6859133706332232,0.6855734179418869
1486,nomao,prev,0,0.7143769041056144,0.7143769041056144,0.6349758834774135,0.6311974604999959
1486,nomao,prev,1,0.7143769041056144,0.7143769041056144,0.6380921030874759,0.6388047691367433
1486,nomao,prev,2,0.7143769041056144,0.7143769041056144,0.6319088631714257,0.634536442355734
1486,nomao,prev,3,0.7143769041056144,0.7143769041056144,0.63891274838765,0.639132951161555
1486,nomao,prev,4,0.7143769041056144,0.7143769041056144,0.640038101797379,0.6365705486702046
1487,ozone-level-8hr,inverse,0,0.0631412786108918,0.9368587213891082,0.0,0.0
1487,ozone-level-8hr,inverse,1,0.0631412786108918,0.9368587213891082,0.0015700589753402,-0.0004178829038947
1487,ozone-level-8hr,inverse,2,0.0631412786108918,0.9368587213891082,0.0,0.001108854151334
1487,ozone-level-8hr,inverse,3,0.0631412786108918,0.9368587213891082,0.0,0.0
1487,ozone-level-8hr,inverse,4,0.0631412786108918,0.9368587213891082,0.0003539614182054,0.001612490905158
1487,ozone-level-8hr,prev,0,0.0631412786108918,0.0631412786108918,0.031588176842351,0.0318416948065074
1487,ozone-level-8hr,prev,1,0.0631412786108918,0.0631412786108918,0.0438906975952231,0.0427630995541684
1487,ozone-level-8hr,prev,2,0.0631412786108918,0.0631412786108918,0.0412730391909261,0.038925452701275
1487,ozone-level-8hr,prev,3,0.0631412786108918,0.0631412786108918,0.0446135545287375,0.0427627044342718
1487,ozone-level-8hr,prev,4,0.0631412786108918,0.0631412786108918,0.0432626796937209,0.0395029654441222
1489,phoneme,inverse,0,0.2934863064396743,0.7065136935603257,-0.0085381796356944,0.0235968216901971
1489,phoneme,inverse,1,0.2934863064396743,0.7065136935603257,-0.0205378755478804,0.0334325840483844
1489,phoneme,inverse,2,0.2934863064396743,0.7065136935603257,-0.0081444193738044,0.0244080240590816
1489,phoneme,inverse,3,0.2934863064396743,0.7065136935603257,-0.0383164646934139,0.0278450362961643
1489,phoneme,inverse,4,0.2934863064396743,0.7065136935603257,-0.002265436275378,0.0342212913943431
1489,phoneme,prev,0,0.2934863064396743,0.2934863064396743,0.1483366997686244,0.1601169747949822
1489,phoneme,prev,1,0.2934863064396743,0.2934863064396743,0.1511348630885972,0.1601228526000325
1489,phoneme,prev,2,0.2934863064396743,0.2934863064396743,0.1474932141613631,0.1524504227796558
1489,phoneme,prev,3,0.2934863064396743,0.2934863064396743,0.1307862246725141,0.151211330769335
1489,phoneme,prev,4,0.2934863064396743,0.2934863064396743,0.1497717802402107,0.1623775982310771
1502,skin-segmentation,inverse,0,0.7924605295910747,0.2075394704089253,0.7200135034132917,0.7513526878797192
1502,skin-segmentation,inverse,1,0.7924605295910747,0.2075394704089253,0.7195781022258688,0.7380177515022466
1502,skin-segmentation,inverse,2,0.7924605295910747,0.2075394704089253,0.7190397135915947,0.7380124061257292
1502,skin-segmentation,inverse,3,0.7924605295910747,0.2075394704089253,0.7177553643320544,0.7509936033562854
1502,skin-segmentation,inverse,4,0.7924605295910747,0.2075394704089253,0.7182650812692506,0.7514948237464726
1502,skin-segmentation,prev,0,0.7924605295910747,0.7924605295910747,0.682865193794164,0.7374745181287002
1502,skin-segmentation,prev,1,0.7924605295910747,0.7924605295910747,0.6834555070123459,0.7362692426437663
1502,skin-segmentation,prev,2,0.7924605295910747,0.7924605295910747,0.6853848617115763,0.7379668741877833
1502,skin-segmentation,prev,3,0.7924605295910747,0.7924605295910747,0.6853269819446345,0.7364664263268972
1502,skin-segmentation,prev,4,0.7924605295910747,0.7924605295910747,0.6814628153150354,0.7359394983554383
1570,wilt,inverse,0,0.0539367637941723,0.9460632362058277,-0.0165174721005977,-0.0197194374803107
1570,wilt,inverse,1,0.0539367637941723,0.9460632362058277,-0.0382794989600987,-0.0200070089829002
1570,wilt,inverse,2,0.0539367637941723,0.9460632362058277,-0.0026974000022087,0.0038084371530775
1570,wilt,inverse,3,0.0539367637941723,0.9460632362058277,-0.0276085840319281,-0.0494920769705918
1570,wilt,inverse,4,0.0539367637941723,0.9460632362058277,-0.0146772420815729,0.0031589724593166
1570,wilt,prev,0,0.0539367637941723,0.0539367637941723,0.0472765383792551,0.0491287571490269
1570,wilt,prev,1,0.0539367637941723,0.0539367637941723,0.0457129451571513,0.049724004710292
1570,wilt,prev,2,0.0539367637941723,0.0539367637941723,0.0472066826441252,0.0480692149212531
1570,wilt,prev,3,0.0539367637941723,0.0539367637941723,0.0491333327149986,0.0489840890967875
1570,wilt,prev,4,0.0539367637941723,0.0539367637941723,0.0454845223625531,0.0471098590946645
1590,adult,inverse,0,0.7607182343065395,0.2392817656934605,0.6984705059892046,0.6999231488839157
1590,adult,inverse,1,0.7607182343065395,0.2392817656934605,0.6980465289953067,0.7001739091400659
1590,adult,inverse,2,0.7607182343065395,0.2392817656934605,0.6969384400722903,0.6965018130941062
1590,adult,inverse,3,0.7607182343065395,0.2392817656934605,0.6998233328063136,0.7009197568023674
1590,adult,inverse,4,0.7607182343065395,0.2392817656934605,0.7001358996752004,0.6997380112627152
1590,adult,prev,0,0.7607182343065395,0.7607182343065395,0.4785649134379402,0.4783181507722003
1590,adult,prev,1,0.7607182343065395,0.7607182343065395,0.4743531524942788,0.4713244258300313
1590,adult,prev,2,0.7607182343065395,0.7607182343065395,0.4726063523984658,0.4724104199428606
1590,adult,prev,3,0.7607182343065395,0.7607182343065395,0.4909182313427966,0.493182800680408
1590,adult,prev,4,0.7607182343065395,0.7607182343065395,0.4880623171490658,0.4893797345443318
4135,Amazon_employee_access,inverse,0,0.9421099209618848,0.05789007903811516,0.9386048328956156,0.9386048328956156
4135,Amazon_employee_access,inverse,1,0.9421099209618848,0.05789007903811516,0.9386048328956156,0.9386048328956156
4135,Amazon_employee_access,inverse,2,0.9421099209618848,0.05789007903811516,0.938442840370274,0.938442840370274
4135,Amazon_employee_access,inverse,3,0.9421099209618848,0.05789007903811516,0.938442840370274,0.938442840370274
4135,Amazon_employee_access,inverse,4,0.9421099209618848,0.05789007903811516,0.9385954638788137,0.9385954638788137
4135,Amazon_employee_access,prev,0,0.9421099209618848,0.9421099209618848,0.2424166226254189,0.236766096325014
4135,Amazon_employee_access,prev,1,0.9421099209618848,0.9421099209618848,0.2397926516201975,0.2497290806466237
4135,Amazon_employee_access,prev,2,0.9421099209618848,0.9421099209618848,0.2697457380470631,0.2790024990364847
4135,Amazon_employee_access,prev,3,0.9421099209618848,0.9421099209618848,0.2538485349118321,0.2652754303209103
4135,Amazon_employee_access,prev,4,0.9421099209618848,0.9421099209618848,0.2351293713969941,0.2594540976982483
4532,higgs,prev,0,0.5285772565017848,0.5285772565017848,0.1430577624506533,0.1522098590736364
4532,higgs,prev,1,0.5285772565017848,0.5285772565017848,0.1411224141292925,0.1503547477277541
4532,higgs,prev,2,0.5285772565017848,0.5285772565017848,0.1409171571599105,0.1561634178362624
4532,higgs,prev,3,0.5285772565017848,0.5285772565017848,0.1449537093084116,0.1569953944912633
4532,higgs,prev,4,0.5285772565017848,0.5285772565017848,0.1439405992837071,0.1612155505395209
4534,PhishingWebsites,prev,0,0.5569425599276345,0.5569425599276345,0.4843711304944409,0.4887077269227335
4534,PhishingWebsites,prev,1,0.5569425599276345,0.5569425599276345,0.4900030056744356,0.4927326713519883
4534,PhishingWebsites,prev,2,0.5569425599276345,0.5569425599276345,0.4749131700611485,0.4934180529693844
4534,PhishingWebsites,prev,3,0.5569425599276345,0.5569425599276345,0.4972216681280514,0.500998677590392
4534,PhishingWebsites,prev,4,0.5569425599276345,0.5569425599276345,0.4918413159713378,0.4931193328016537
23517,numerai28.6,prev,0,0.5051702657807309,0.5051702657807309,0.0226716633544274,0.0226716633544274
23517,numerai28.6,prev,1,0.5051702657807309,0.5051702657807309,0.0260730179556378,0.0260730179556378
23517,numerai28.6,prev,2,0.5051702657807309,0.5051702657807309,0.024692247089253,0.024692247089253
23517,numerai28.6,prev,3,0.5051702657807309,0.5051702657807309,0.0224071677770506,0.0224071677770506
23517,numerai28.6,prev,4,0.5051702657807309,0.5051702657807309,0.0241370018360571,0.0241370018360571
40536,SpeedDating,inverse,0,0.1647171162568632,0.8352828837431368,0.0020829435234501,0.0020829435234501
40536,SpeedDating,inverse,1,0.1647171162568632,0.8352828837431368,0.0004783010249152,-0.035606693494507
40536,SpeedDating,inverse,2,0.1647171162568632,0.8352828837431368,0.0117534882683637,0.0117534882683637
40536,SpeedDating,inverse,3,0.1647171162568632,0.8352828837431368,0.0033926789032528,0.0033926789032528
40536,SpeedDating,inverse,4,0.1647171162568632,0.8352828837431368,-0.0005379577171717,-0.0005379577171717
40536,SpeedDating,prev,0,0.1647171162568632,0.1647171162568632,0.0846329781007422,0.0840807666240762
40536,SpeedDating,prev,1,0.1647171162568632,0.1647171162568632,0.0848806926158679,0.0789889989602913
40536,SpeedDating,prev,2,0.1647171162568632,0.1647171162568632,0.1041901003336116,0.097153411540285
40536,SpeedDating,prev,3,0.1647171162568632,0.1647171162568632,0.0874085604322032,0.080028514501495
40536,SpeedDating,prev,4,0.1647171162568632,0.1647171162568632,0.0887310527249454,0.0834129728974857
40701,churn,inverse,0,0.1414,0.8586,-0.0152499174208874,0.0508848817183338
40701,churn,inverse,1,0.1414,0.8586,-0.0063117231157075,-0.0046932344237534
40701,churn,inverse,2,0.1414,0.8586,-0.0086754216208864,0.0552052283685347
40701,churn,inverse,3,0.1414,0.8586,-0.0097316032174618,0.0531445751584058
40701,churn,inverse,4,0.1414,0.8586,0.0005854833025329,0.0551695837599948
40701,churn,prev,0,0.1414,0.1414,0.0854773081590023,0.1043875380552929
40701,churn,prev,1,0.1414,0.1414,0.0861963344446329,0.1018632979263295
40701,churn,prev,2,0.1414,0.1414,0.0911394202261731,0.101431582962166
40701,churn,prev,3,0.1414,0.1414,0.0906355033251816,0.1043197878282151
40701,churn,prev,4,0.1414,0.1414,0.0969024851855022,0.1060679650532278
40978,Internet-Advertisements,inverse,0,0.8600182982616651,0.1399817017383349,0.8539052854050412,0.8495523283446027
40978,Internet-Advertisements,inverse,1,0.8600182982616651,0.1399817017383349,0.8506155299809848,0.847870784093994
40978,Internet-Advertisements,inverse,2,0.8600182982616651,0.1399817017383349,0.852851461485347,0.855581710762813
40978,Internet-Advertisements,inverse,3,0.8600182982616651,0.1399817017383349,0.8536226287519905,0.8543995492824552
40978,Internet-Advertisements,inverse,4,0.8600182982616651,0.1399817017383349,0.8502484979336331,0.849999637330567
40978,Internet-Advertisements,prev,0,0.8600182982616651,0.8600182982616651,0.7587471470015761,0.7605712578073861
40978,Internet-Advertisements,prev,1,0.8600182982616651,0.8600182982616651,0.7518959323641942,0.7631077940728667
40978,Internet-Advertisements,prev,2,0.8600182982616651,0.8600182982616651,0.7634421264124369,0.754367809234475
40978,Internet-Advertisements,prev,3,0.8600182982616651,0.8600182982616651,0.7752291613622933,0.7566933039927278
40978,Internet-Advertisements,prev,4,0.8600182982616651,0.8600182982616651,0.7665612115042083,0.7619587175875623
41142,christine,prev,0,0.5,0.5,0.2158539887760595,0.2158539887760595
41142,christine,prev,1,0.5,0.5,0.2291928829467643,0.2291928829467643
41142,christine,prev,2,0.5,0.5,0.2373560978014966,0.2373560978014966
41142,christine,prev,3,0.5,0.5,0.2240325573881897,0.2240325573881897
41142,christine,prev,4,0.5,0.5,0.2185950148631401,0.2185950148631401
41143,jasmine,prev,0,0.5,0.5,0.2865593625266797,0.2960914626860839
41143,jasmine,prev,1,0.5,0.5,0.2900907348705974,0.3106559322702764
41143,jasmine,prev,2,0.5,0.5,0.3135352564284803,0.3201260020432244
41143,jasmine,prev,3,0.5,0.5,0.2953974954469945,0.3075800949589399
41143,jasmine,prev,4,0.5,0.5,0.295699359186432,0.3054575970156783
41145,philippine,prev,0,0.5,0.5,0.2214747313732818,0.2060485293778675
41145,philippine,prev,1,0.5,0.5,0.2105060753928624,0.2073123567836137
41145,philippine,prev,2,0.5,0.5,0.2110380698975658,0.203258506983701
41145,philippine,prev,3,0.5,0.5,0.2160666778624491,0.209103642305977
41145,philippine,prev,4,0.5,0.5,0.2195703222372522,0.2126705500505828
41146,sylvine,prev,0,0.5,0.5,0.4034581549723914,0.409678336660437
41146,sylvine,prev,1,0.5,0.5,0.413932547109364,0.4123252713577874
41146,sylvine,prev,2,0.5,0.5,0.4146096920480567,0.4177679883642598
41146,sylvine,prev,3,0.5,0.5,0.4162150849630814,0.412400830975535
41146,sylvine,prev,4,0.5,0.5,0.414129751453587,0.4168783625313492
41150,MiniBooNE,inverse,0,0.2806233854102595,0.7193766145897404,0.141403147803418,0.1427465556069332
41150,MiniBooNE,inverse,1,0.2806233854102595,0.7193766145897404,0.0736792345475513,0.0834842583425698
41150,MiniBooNE,inverse,2,0.2806233854102595,0.7193766145897404,0.0714033915727285,0.082393012696923
41150,MiniBooNE,inverse,3,0.2806233854102595,0.7193766145897404,0.0791023861729014,0.086022496005286
41150,MiniBooNE,inverse,4,0.2806233854102595,0.7193766145897404,0.142580042697491,0.145458482251884
41150,MiniBooNE,prev,0,0.2806233854102595,0.2806233854102595,0.225313345022492,0.2256623246794173
41150,MiniBooNE,prev,1,0.2806233854102595,0.2806233854102595,0.1760414930859114,0.1807494408943391
41150,MiniBooNE,prev,2,0.2806233854102595,0.2806233854102595,0.1754889157211398,0.1790070908027326
41150,MiniBooNE,prev,3,0.2806233854102595,0.2806233854102595,0.174528707053898,0.1789031144412045
41150,MiniBooNE,prev,4,0.2806233854102595,0.2806233854102595,0.2263363001335318,0.2271001307220629
41434,Click_prediction_small,inverse,0,0.1684189446280164,0.8315810553719836,0.0003947720720552,0.0003754693366708
41434,Click_prediction_small,inverse,1,0.1684189446280164,0.8315810553719836,-0.0003162234189059,9.500319163604916e-05
41434,Click_prediction_small,inverse,2,0.1684189446280164,0.8315810553719836,-0.0006518295725805,0.0
41434,Click_prediction_small,inverse,3,0.1684189446280164,0.8315810553719836,-0.0001578201272174,0.0
41434,Click_prediction_small,inverse,4,0.1684189446280164,0.8315810553719836,-0.000621408945091,-0.000621408945091
41434,Click_prediction_small,prev,0,0.1684189446280164,0.1684189446280164,0.0388246023419826,0.0389253908773331
41434,Click_prediction_small,prev,1,0.1684189446280164,0.1684189446280164,0.0383576370295479,0.0390697992001801
41434,Click_prediction_small,prev,2,0.1684189446280164,0.1684189446280164,0.0401820785098235,0.0404448774772781
41434,Click_prediction_small,prev,3,0.1684189446280164,0.1684189446280164,0.0382150913291847,0.0389341657144788
41434,Click_prediction_small,prev,4,0.1684189446280164,0.1684189446280164,0.0391868717911414,0.040006963863963
45035,albert,prev,0,0.5,0.5,0.1434949240873894,0.1464756338547709
45035,albert,prev,1,0.5,0.5,0.1446927425309077,0.1498004048666528
45035,albert,prev,2,0.5,0.5,0.1449339978815602,0.1526808127619424
45035,albert,prev,3,0.5,0.5,0.1460079548831162,0.1511924955386318
45035,albert,prev,4,0.5,0.5,0.1523012608412552,0.1518428580173235
45072,airlines,prev,0,0.4454422923970537,0.4454422923970537,0.112472498633187,0.1146933834467545
45072,airlines,prev,1,0.4454422923970537,0.4454422923970537,0.111833490384264,0.115051482995918
45072,airlines,prev,2,0.4454422923970537,0.4454422923970537,0.1108021495018843,0.1129096674891612
45072,airlines,prev,3,0.4454422923970537,0.4454422923970537,0.1114963111447918,0.1137420577096521
45072,airlines,prev,4,0.4454422923970537,0.4454422923970537,0.1114037545847852,0.1140626466534797
