openml_id,name,run_type,prevalence,threshold_center,lr_bce_raw,lr_snb_raw,lr_temp_raw,lr_platt_raw,lr_bce_norm,lr_snb_norm,lr_temp_norm,lr_platt_norm,gam_bce_raw,gam_snb_raw,gam_temp_raw,gam_platt_raw,gam_bce_norm,gam_snb_norm,gam_temp_norm,gam_platt_norm,xgb_bce_raw,xgb_bce_norm,xgb_snb_raw_absw,xgb_snb_raw_fixed025,xgb_snb_raw_true,xgb_snb_norm_absw,xgb_snb_norm_fixed025,xgb_snb_norm_true,xgb_temp_raw,xgb_platt_raw,xgb_temp_norm,xgb_platt_norm
24,mushroom,prev,0.4820285573609059,0.4820285573609059,0.48202857142857136,0.48202857142857136,0.4820285714285713,0.4820285714285713,1.0000000291842988,1.0000000291842988,1.0000000291842988,1.0000000291842988,0.48202857142857136,0.48202857142857136,0.4820285714285713,0.4820285714285713,1.0000000291842988,1.0000000291842988,1.0000000291842988,1.0000000291842988,0.48202857142857136,1.0000000291842988,0.48202857142857136,0.48202857142857136,0.48202857142857136,1.0000000291842988,1.0000000291842988,1.0000000291842988,0.4820285714285713,0.4820285714285713,1.0000000291842988,1.0000000291842988
31,credit-g,inverse,0.3,0.7,0.00943459707404006,0.003780760709086633,0.0169520199236822,0.0095510330865506,0.03144865691346687,0.012602535696955443,0.05650673307894066,0.03183677695516867,0.01114977693365598,0.01385036695723064,0.0134972087990635,0.0083585000066183,0.037165923112186604,0.046167889857435467,0.044990695996878334,0.027861666688727665,0.004769469150663881,0.015898230502212937,0.014609746021180939,0.006047324826432,-0.0057443598036029005,0.04869915340393646,0.02015774942144,-0.01914786601200967,-0.0081244672765289,-0.0179518100673482,-0.02708155758842967,-0.059839366891160664
31,credit-g,prev,0.3,0.3,0.13237927838206742,0.1195127328871904,0.1299770285058573,0.1277987793145106,0.4412642612735581,0.3983757762906347,0.433256761686191,0.42599593104836875,0.13238306073151143,0.1202726290434549,0.1316343020194337,0.1338880906570507,0.4412768691050381,0.400908763478183,0.4387810067314457,0.4462936355235024,0.12810974275454196,0.4270324758484732,0.13223060929872718,0.1305402365332155,0.12465410510039213,0.44076869766242394,0.43513412177738503,0.41551368366797375,0.1278951061396112,0.1303803206269428,0.4263170204653707,0.434601068756476
38,sick,inverse,0.0612407211028632,0.9387592788971368,-0.00975863684365002,-0.00855803132892886,-0.0048039158369653,-0.0041912931963704,-0.15934882326514233,-0.13974413061783403,-0.07844316249797884,-0.06843964474765867,-0.0194885836485926,0.00482941126633918,-0.009156257350479,-0.006425147994667,-0.31822916676403157,0.07885947747459475,-0.14951256591344927,-0.10491626941941093,0.03645412326697674,0.5952595366365205,0.03935098050542662,0.03997674260403158,0.03187524713429678,0.6425623310236762,0.6527804030407234,0.520491048444015,0.0159455832254073,-0.0125007881664062,0.2603754975161746,-0.20412542408521292
38,sick,prev,0.0612407211028632,0.0612407211028632,0.047749028456243556,0.050057913443932976,0.0485832172898587,0.0489858425900392,0.7796940923677519,0.8173958853269055,0.7933155654430606,0.7998900357126747,0.04914167944841974,0.051715492742495414,0.0496113050360518,0.049761999991483,0.802434696447789,0.8444625048687996,0.8101032147012441,0.8125639132808393,0.057881955375792424,0.9451546999025499,0.057651164889039395,0.0579008427359143,0.05776906127661789,0.9413861210452666,0.9454631116877436,0.9433112516684099,0.0544196590783263,0.0552736915168456,0.8886188486729298,0.9025643480586217
44,spambase,inverse,0.3940447728754618,0.6059552271245382,0.2949841269117815,0.3096544841384909,0.2998775244545776,0.3019228146316373,0.7486056083403788,0.7858357868291213,0.7610239878739723,0.7662144898621971,0.31686726096471707,0.31707960609333286,0.3176326863263096,0.3173106566853318,0.8041402469380383,0.8046791327277577,0.8060827301640102,0.8052654889184843,0.33623185573450887,0.8532833801624244,0.3366696241404227,0.33575374432918936,0.33550953200669753,0.8543943412410838,0.8520700373185882,0.8514502795161696,0.3364213673896131,0.3367378458252371,0.8537643195585273,0.8545674730512499
44,spambase,prev,0.3940447728754618,0.3940447728754618,0.33320465905613733,0.33314148475410754,0.3328609312572559,0.3329812638290315,0.8456010128611627,0.8454406902116101,0.844728706406307,0.845034084322876,0.342526640366133,0.34116475708237853,0.3424174141435616,0.3407018902841693,0.8692581755789179,0.8658020117683529,0.8689809831630044,0.8646273564244144,0.3567277389279674,0.9052974775552003,0.3571498398662404,0.3570701077156249,0.3567381915696762,0.9063686780058313,0.9061663351349093,0.9053240040882958,0.3562675709120041,0.3564748052821574,0.9041296711341044,0.9046555869295126
151,electricity,prev,0.5754546257062146,0.5754546257062146,0.2879934340149476,0.2892762240820873,0.2878925794239986,0.2876861437475818,0.5004624537712485,0.5026916305122738,0.5002871930531246,0.49992845812043823,0.32970688184233243,0.33430897089196804,0.3300586772434407,0.3307908908259233,0.5729502676908828,0.5809475777203014,0.5735616024258786,0.5748340113175163,0.4947297631967312,0.8597198477457444,0.49517344895919563,0.4951447118863716,0.4950272019532321,0.8604908655508753,0.8604409275165972,0.860236723869793,0.4707255390039243,0.4708527984946635,0.8180063518061675,0.8182274978097869
312,scene,inverse,0.1790610718737017,0.8209389281262983,0.10749978297991362,0.08545730683488384,0.1019417300971073,0.0647130905664502,0.6003526163170582,0.47725229130293595,0.5693126318880215,0.36140234105207797,0.10927533789513284,0.0478992720177859,0.0951165777716017,0.0650315912548588,0.6102685343702662,0.2675024309670781,0.5311962939588059,0.36318106763444347,0.16299573723243757,0.9102801380939146,0.16793748410147738,0.16647123420517856,0.1682559674260919,0.9378782464785523,0.9296897000739323,0.9396568760895665,0.164002015362454,0.1556503534328525,0.9158998862585308,0.8692584703314987
312,scene,prev,0.1790610718737017,0.1790610718737017,0.1509898768201058,0.14972864133199995,0.1518814501630876,0.1508957641795483,0.8432311682273659,0.8361875630768535,0.8482103260848071,0.8427055786082894,0.15484368886911315,0.1474832799720096,0.1540358982521413,0.1550512629042495,0.8647535014105693,0.8236479231847497,0.8602422438350443,0.8659127373794165,0.1676589409042763,0.9363226699688934,0.16805495492642142,0.16819319185564974,0.16804961688744388,0.9385342842410588,0.9393062941915288,0.9385044729653768,0.1680747645114914,0.1683264768215525,0.9386449145688162,0.9400506489779045
821,house_16H,inverse,0.2959971910112359,0.7040028089887641,0.04471195467501262,0.066421417725999,0.0499345597321797,0.0515795427958063,0.1510553344180735,0.22439881101262774,0.16869943786150393,0.174256865815488,0.11366233101467453,0.11905737458167827,0.1137722975831829,0.1133647804307943,0.383998005610668,0.40222467711580046,0.38436951781364764,0.38299275761198365,0.1558148160179091,0.5264064009715365,0.15472805079126734,0.1552249857593102,0.1556676484972214,0.5227348619852069,0.5244137122687017,0.5259092086833768,0.1527542088525224,0.1518174559287506,0.5160664137745953,0.5129016779182465
821,house_16H,prev,0.2959971910112359,0.2959971910112359,0.1874164906175803,0.19432787555938477,0.187295672994898,0.1873884930009362,0.6331698283260603,0.6565193233607686,0.6327616568083863,0.6330752408857253,0.21385645993791802,0.2141175018159427,0.2140256210611271,0.2140605523710133,0.7224948966823139,0.7233768032880248,0.723066392386821,0.7231844046887853,0.2264772751919781,0.7651331906841682,0.22648378762194227,0.22656680555059072,0.2258786091006307,0.7651551923455417,0.7654356609823043,0.7631106509117395,0.2257393030306732,0.2250306014168306,0.7626400178307917,0.7602457329005144
846,elevators,inverse,0.3090547623350804,0.6909452376649197,0.18918618002319718,0.1906413020597667,0.1894260036230517,0.1895679255945475,0.6121445228469884,0.616852821226134,0.6129205134773948,0.6133797264997845,0.18984175325137267,0.19259113959026802,0.190189921823212,0.1900523120738312,0.6142657431227164,0.6231618569315516,0.6153923026010715,0.6149470425172562,0.18390984746557482,0.5950720386122956,0.18468136652892045,0.18285964270040525,0.18271313188061014,0.5975684216400684,0.5916739199189137,0.5911998588862082,0.1801613137805686,0.1803379393945634,0.5829430111975943,0.5835145138421751
846,elevators,prev,0.3090547623350804,0.3090547623350804,0.22747684887309605,0.22717379650382163,0.2273732279940296,0.2274325177031889,0.7360405876110179,0.7350600093892662,0.7357053043806818,0.7358971464630084,0.2291894616412172,0.23035296368244626,0.2295165889575547,0.2295453375490541,0.7415820416730146,0.7453467532485236,0.7426405185392692,0.7427335395666178,0.2306977878397268,0.7464624912966132,0.2308937563626699,0.23108868222507972,0.23118621454812568,0.7470965812600309,0.7477272975154189,0.7480428801723857,0.2299225130563323,0.2303323848493214,0.7439539559887057,0.7452801668837985
871,pollen,prev,0.5,0.5,0.01024971041484284,0.00432384064729274,0.0102366142845297,0.0102392393781382,0.02049942082968568,0.00864768129458548,0.0204732285690594,0.0204784787562764,0.0039099660688366,-0.0010056897113199,0.0053024410893868,0.0053013134071658,0.0078199321376732,-0.0020113794226398,0.0106048821787736,0.0106026268143316,0.01281398358679018,0.02562796717358036,0.012792255577452,0.00961118906441156,0.00489003853928852,0.025584511154904,0.01922237812882312,0.00978007707857704,0.0123498512550502,0.0125029807120976,0.0246997025101004,0.0250059614241952
1036,sylva_agnostic,inverse,0.0615491490100729,0.9384508509899271,0.026954031958513557,0.0202512330986667,0.0301911189853776,0.0300772991740063,0.4379269639309288,0.32902539554775095,0.4905204941247301,0.48867124335194245,0.027728694869258663,0.00637566363358146,0.0263994194643624,0.0266788165999343,0.4505130503871092,0.10358654402415934,0.42891607583464675,0.4334554909210548,0.034619996654390875,0.562477259413044,0.0345202988815334,0.0350312348961132,0.034442099500684095,0.5608574519183676,0.5691587204622459,0.5595869326324469,0.0116889020390114,0.0177675256411985,0.18991167590470565,0.2886721575677794
1036,sylva_agnostic,prev,0.0615491490100729,0.0615491490100729,0.06027504930902448,0.06022265024950098,0.0603126733563988,0.0603083710555807,0.9792994749474131,0.978448138083033,0.9799107595545838,0.9798408593059648,0.06040849414876044,0.059781633045858165,0.0602148309350112,0.0601726035667101,0.9814675770557643,0.9712828529290394,0.9783210962861025,0.9776350207029261,0.06057628073865342,0.9841936357030662,0.060552156784785115,0.06056990694839461,0.06054800081118816,0.9838016895225534,0.9840900795960961,0.9837341666783908,0.0600602161218775,0.0595028053635686,0.975809041844726,0.9667526898516597
1038,gina_agnostic,prev,0.4916378316032295,0.4916378316032295,0.36246265973337843,0.3613631665556788,0.3622871091651661,0.3625796885278156,0.7372554275397986,0.7350190390704364,0.7368983545951884,0.7374934661668414,0.29603037751464306,0.29603037751464306,0.2976587107967839,0.2976587107967839,0.6021309966104295,0.6021309966104295,0.6054430551573294,0.6054430551573294,0.44140845992852445,0.8978325742123888,0.44270277722978413,0.4415501568721368,0.4418260935384577,0.9004652383770625,0.8981207882888976,0.8986820483233849,0.4404812690162266,0.4407268451351879,0.8959466515825654,0.8964461577295201
1043,ada_agnostic,inverse,0.2481367821131082,0.7518632178868918,0.038199141264115936,0.036076850142292075,0.0370369471535017,0.0362440594682383,0.1539438890873648,0.1453909808737955,0.14926020575465973,0.14606484036581552,0.039082550563970475,0.028356603481344576,0.0392678313802089,0.0379880811824052,0.15750405978165494,0.1142781140299417,0.15825074801812108,0.15309330950011713,0.0654997915731573,0.26396647452009164,0.060737859598856934,0.06472719071892746,0.06309991859932305,0.24477572039751364,0.2608528657771618,0.25429490163437446,0.0508321281622818,0.0553201987815962,0.20485527268227002,0.22294235586717487
1043,ada_agnostic,prev,0.2481367821131082,0.2481367821131082,0.15215432414014424,0.15023118026792656,0.1526547089683159,0.1525423336536642,0.6131873027626663,0.6054369650020153,0.6152038713016408,0.6147509948127353,0.15441120141479875,0.15287995260233989,0.1545758339943684,0.154616676686459,0.6222825979278376,0.6161116111058965,0.6229460730409089,0.6231106705332388,0.15328856546765396,0.6177583353917293,0.15293527925803474,0.15334585083932942,0.15345111402677766,0.6163345794833522,0.6179891974637995,0.6184134118287632,0.1530702181425819,0.1536259014991909,0.6168783879562357,0.6191178115188243
1049,pc4,inverse,0.1220850480109739,0.8779149519890261,0.0017749318440502995,-0.0055501300972833605,-0.0024640632385475,0.0005567809542651,0.014538486677670435,-0.04546117798786035,-0.020183169673046383,0.004560599052351213,-0.00026817961112056004,-0.03506663580054728,-0.002721512233548,-0.0016230061943322,-0.0021966622079425653,-0.2872312078494267,-0.022291937283780816,-0.01329406197379971,0.00493852651900262,0.04045152620621248,-1.3365613359259468e-05,-0.0015494065785178004,-0.0030431624879939797,-0.00010947788920112534,-0.012691206693701986,-0.024926578131995638,-0.0427726019923872,-0.0804798493848327,-0.3503508635106773,-0.6592113505791355
1049,pc4,prev,0.1220850480109739,0.1220850480109739,0.08026579496268718,0.08349689095123264,0.079016605096806,0.0808846957526036,0.6574580284022357,0.6839239719488608,0.6472259001749616,0.6625274517263825,0.08640742189792222,0.08398112693909958,0.084478563649513,0.0856831775255587,0.7077641636357901,0.6878903543663327,0.6919648640505056,0.7018318698441833,0.09636907541348781,0.789360179510479,0.09411631906675585,0.0966545931954753,0.0954317922692836,0.7709078269625285,0.7916988588708035,0.7816828827450311,0.0781300642302101,0.0805849855543698,0.6399642339755414,0.6600725221251191
1050,pc3,inverse,0.1023672424824056,0.8976327575175944,-0.01542243614758366,-0.01409221273071486,-0.0084729269288508,0.0,-0.15065792311670792,-0.13766330311317082,-0.08276990493621128,0.0,-0.02486629912510798,-0.03225169938561828,-0.018481817948673,-0.0168307556377968,-0.24291265957839867,-0.3150587883732587,-0.18054425908609942,-0.16441544413672754,0.0,0.0,0.0,0.0,0.0,0.0,0.0,0.0,0.0,-0.0630601986644336,0.0,-0.6160193157031859
1050,pc3,prev,0.1023672424824056,0.1023672424824056,0.0492877477777108,0.053682908211738746,0.0487683808981525,0.0500602998479422,0.4814796861035125,0.5244149095934231,0.47640612089882733,0.4890265541395855,0.04763076593824672,0.04765805630586004,0.0463729761268357,0.0476430296485634,0.4652930447592478,0.46555963753787044,0.45300601053902634,0.46541284587940385,0.05095683110300378,0.49778454383746834,0.0535477333694888,0.051777056712286565,0.05146758979784218,0.5230944203531939,0.5057971227581496,0.502774017837671,0.0482742340939622,0.0505573436604642,0.4715789243053934,0.49388205088315984
1053,jm1,inverse,0.1934772622875517,0.8065227377124483,-0.0033547539046511602,-0.00116540653858532,-0.0012169136765572,-0.000791813802398,-0.01733926697631903,-0.00602348061372327,-0.006289698655899868,-0.004092541898908941,8.888882703781999e-05,-0.0001753074948662984,-0.0001745934384206,-0.0006854102995321,0.00045942776937638676,-0.000906088357844092,-0.0009023977099754183,-0.0035425883715132517,0.00040929466003278,0.002115466464604373,0.0007942388455624774,0.0007332629809433999,0.0007905419853326999,0.004105075894561997,0.0037899181137554167,0.004085968428464596,-0.0180076589962114,-0.0214189619597494,-0.09307377406161495,-0.11070531858113591
1053,jm1,prev,0.1934772622875517,0.1934772622875517,0.061489186717536205,0.062109510565946865,0.0612658454498571,0.0618091093413363,0.3178109199526978,0.3210171047057605,0.3166565658697505,0.3194644611493094,0.06280104643345677,0.06243825119170521,0.0628026561759171,0.0628558827805066,0.32459135347966617,0.3227162223274982,0.3245996735398184,0.3248747787586963,0.06826392688629665,0.35282661166065477,0.06781027005884557,0.06659389663480494,0.06823133786890156,0.3504818564057616,0.3441949500806514,0.3526581731733113,0.0682175679753001,0.0684462910140426,0.35258700256939296,0.35376917269128855
1067,kc1,inverse,0.1545756282598387,0.8454243717401613,0.0025126364606503403,-0.0008472358687160994,0.0035195412423615,0.0033701433865712,0.016255062256170464,-0.005481044316325934,0.02276905668754726,0.021802553381222896,-0.0076502332253315,-0.012505253698815203,-0.0074114570552849,-0.0073754282974289,-0.04949184623381639,-0.0809005523030714,-0.047947125550907556,-0.047714043801464906,-0.0082477970682984,-0.05335768103386912,-0.012649818349495301,-0.009257276413645741,-0.01225430524216094,-0.08183578803400492,-0.059888331154536435,-0.07927708514023754,-0.0042582487883294,-0.0712930731261024,-0.027547995995664754,-0.46121807123604314
1067,kc1,prev,0.1545756282598387,0.1545756282598387,0.06748650367836675,0.07003385739275704,0.067474800077815,0.0671321793420495,0.436592135759741,0.4530717952187874,0.4365164213623065,0.43429989641835115,0.06738443250766424,0.06529742547743608,0.0678566018045627,0.0674376557004356,0.43593180416768085,0.422430277091757,0.4389864208767571,0.4362761223074195,0.06787115217365708,0.43908055194553025,0.06622170902778678,0.06763962403593547,0.06599472581601455,0.42840976791289076,0.43758272114045393,0.42694133971157905,0.0664283126423644,0.0668934974516494,0.42974635387345583,0.4327557856611308
1068,pc1,inverse,0.0694319206492335,0.9305680793507665,-0.0235738919037358,-0.025205733247587077,-0.0235738919037358,-0.0213201399748449,-0.3395252743018574,-0.3630280282022609,-0.3395252743018574,-0.30706539262471444,-0.02689490875923256,-0.036325273763027,-0.0231659525666765,-0.0122237432496564,-0.3873565430388173,-0.5231782935480126,-0.33364988826550984,-0.17605365277751892,0.0,0.0,-0.01178898418920024,-0.045820272734569824,0.0,-0.16979199306263734,-0.6599309410732204,0.0,-0.0023585443736645,-0.1015902019944662,-0.03396916507005107,-1.4631627793748454
1068,pc1,prev,0.0694319206492335,0.0694319206492335,0.029093757509789382,0.0330081791423519,0.0272228621884223,0.0279481292543357,0.41902567634229154,0.4754035151801076,0.39207992424623833,0.4025256538059521,0.03074914551161696,0.03391964177738884,0.0300637377135178,0.030499589138738,0.4428675632777043,0.4885309445600552,0.43299591070508137,0.4392733033098762,0.04173691134208466,0.601119930887947,0.04045482849411402,0.04156416116865412,0.041934757890360344,0.5826546077918504,0.598631879688798,0.6039694350702552,0.0357339446809508,0.0366356358267237,0.5146616188464216,0.5276483134004756
1116,musk,inverse,0.1541376174598363,0.8458623825401637,0.09939110332636736,0.10939408155534609,0.0933888432116333,0.0924628780053941,0.6448205503907294,0.709716961752383,0.6058796337368304,0.5998722409828813,0.1244587380255554,0.11451819237595373,0.1271348068247401,0.1267440448153058,0.8074520683309878,0.7429607013731984,0.8248136238246166,0.8222784736395159,0.14253849458778808,0.9247482667553842,0.14435057629272058,0.1433507211727825,0.14450490645949995,0.9365045254467752,0.9300177564385633,0.9375057746507185,0.1450994446542793,0.1451363989002114,0.9413629654168484,0.9416027138088445
1116,musk,prev,0.1541376174598363,0.1541376174598363,0.14385405794833966,0.1456867701632213,0.1437506466741392,0.1439708051083213,0.9332832589411456,0.945173362376533,0.932612356692203,0.9340406805355987,0.14879163608196547,0.14554047002040826,0.1470562360430978,0.1475764328361339,0.9653168287795557,0.9442242096309279,0.9540580584192324,0.9574329438080742,0.1526917852070872,0.9906198611566975,0.15288549472374507,0.1526922615675021,0.15288539782454885,0.9918765921212095,0.9906229516444236,0.9918759634674271,0.151870791693307,0.1523636839457846,0.9852934941911894,0.9884912356679318
1120,MagicTelescope,inverse,0.3516298633017876,0.6483701366982124,0.09728688493448534,0.12127018294222769,0.0971772011496917,0.0955727273084479,0.2766741255164341,0.34488021524539036,0.2763621958533397,0.2717992334639173,0.17473835379757813,0.18734618137517167,0.1750576214396663,0.1752204898418367,0.4969383207580646,0.5327937155735295,0.4978462858526395,0.49830946722364444,0.21306808455887477,0.605944223730532,0.2127053650763338,0.21301071305849123,0.2119611074522334,0.6049126859676838,0.6057810649480417,0.6027960920666088,0.2096391603644146,0.208172314903086,0.5961927078545404,0.5920211467489078
1120,MagicTelescope,prev,0.3516298633017876,0.3516298633017876,0.18933880793709026,0.19534986129704102,0.1898281405064676,0.1897875616151438,0.53846054529956,0.5555553770738219,0.5398521579594817,0.5397367556698617,0.22733173755708883,0.2311268998383805,0.2288064619366681,0.228605272331597,0.6465086196674387,0.6573016798633369,0.6507025876249144,0.6501304246033156,0.2584962052418132,0.7351372344047977,0.2584580618598369,0.25835140830796754,0.2584962052418132,0.7350287584590457,0.7347254464739149,0.7351372344047977,0.2572016752334457,0.2574243691457479,0.7314557211333939,0.7320890402440379
1461,bank-marketing,inverse,0.1169848045829554,0.8830151954170447,-0.019224560487818183,-0.00042725014939896,-0.0063279405679195,-0.0063284907918056,-0.16433382571653402,-0.003652185007463867,-0.05409198733526351,-0.05409669071437383,-0.01058805299887218,0.0,-0.0003674047201002,-0.0002898331799188,-0.09050793422802239,0.0,-0.0031406191719512483,-0.0024775284358685714,-0.00464058795965472,-0.03966829688862728,-0.001175447263508187,-0.0007024920148996,-0.0011582516613580598,-0.010047862777551273,-0.006004985155157087,-0.00990087272861775,-0.0118291718671856,-0.0140339567434515,-0.10111716568109823,-0.11996392859296391
1461,bank-marketing,prev,0.1169848045829554,0.1169848045829554,0.07802820182084277,0.07839279465151328,0.076695775295321,0.07872692749507,0.6669943339992673,0.6701109168064981,0.6556045938507771,0.672967124027153,0.0795603352603343,0.08042858738979855,0.0791404392626234,0.079925132303587,0.6800911925609712,0.6875131148572857,0.6765018717153467,0.6832095210016021,0.08712608750258652,0.7447641410624771,0.08714335938668176,0.08714408878895472,0.08694240115477056,0.744911783178535,0.7449180181957712,0.7431939683509802,0.08628483756076,0.0867407178170711,0.7375730366722486,0.7414699552330505
1462,banknote-authentication,prev,0.4446064139941691,0.4446064139941691,0.4356593086897034,0.43570288642148247,0.4356593086897034,0.4356593086897034,0.9798763467578246,0.9799743609348753,0.9798763467578246,0.9798763467578246,0.44080974084823465,0.44080974084823465,0.4408112766139839,0.4408112766139839,0.9914605974488163,0.9914605974488163,0.9914640516629276,0.9914640516629276,0.44271011262716975,0.9957348762696342,0.44271011262716975,0.44271011262716975,0.44271011262716975,0.9957348762696342,0.9957348762696342,0.9957348762696342,0.4427108805100443,0.4427108805100443,0.9957366033766898,0.9957366033766898
1471,eeg-eye-state,prev,0.4487983978638184,0.4487983978638184,0.11070870461812828,0.15641727528976518,0.1116813996234325,0.1135056603196758,0.2466780299240758,0.3485245848342529,0.24884536164792784,0.2529101281553984,0.07117175911205849,0.0875632352723763,0.0721090331991964,0.0741103061222956,0.1585829170755074,0.19510594442662457,0.16067132490316258,0.1651305050887979,0.39757580683647903,0.885867259617798,0.3971551018554427,0.3974582589467491,0.3972925683132952,0.8849298565810698,0.885605342707467,0.8852361554861166,0.3905389128468625,0.3904863638433928,0.8701878498357876,0.8700707616204112
1485,madelon,prev,0.5,0.5,0.07128529317421395,0.07128529317421395,0.070732235944998,0.071325644713157,0.1425705863484279,0.1425705863484279,0.141464471889996,0.142651289426314,0.0497162466877521,0.0497162466877521,0.0508225535408518,0.0487904603083945,0.0994324933755042,0.0994324933755042,0.1016451070817036,0.097580920616789,0.2788705956869185,0.557741191373837,0.2810306451605423,0.2786941659614527,0.2793441110682277,0.5620612903210847,0.5573883319229054,0.5586882221364554,0.2780296186997064,0.2805912306773407,0.5560592373994128,0.5611824613546814
1486,nomao,inverse,0.7143769041056144,0.2856230958943856,0.6851078841644098,0.6847417945082441,0.6851150806419195,0.6851579515095022,0.9590286027263875,0.9585161426313568,0.959038676508824,0.9590986880620199,0.688336494959336,0.6878514940858864,0.6883707204134277,0.6883807980320762,0.9635480808567286,0.9628691663080328,0.9635959903760525,0.9636100972411968,0.6983140952196206,0.9775149381318479,0.698196231013327,0.6982917883373029,0.6982155180853886,0.9773499493064585,0.9774837124830488,0.9773769477605669,0.6975331075920745,0.6974273568200704,0.9764216950229824,0.9762736628408158
1486,nomao,prev,0.7143769041056144,0.7143769041056144,0.6367855399842688,0.6360484343648466,0.6367984357448272,0.636535326809733,0.8913859565232047,0.8903541403835928,0.891404008283395,0.8910357027942589,0.64667629179688,0.6457302996592635,0.6462352834699046,0.6460235841606898,0.9052312414922006,0.9039070215570658,0.9046139086466943,0.9043175674464147,0.673761717063578,0.9431459964500312,0.6735652095921528,0.6734337965161253,0.6735729524782954,0.9428709211077352,0.9426869662860266,0.9428817597646095,0.6714597302354172,0.6696566833426288,0.939923626276904,0.9373996828481257
1487,ozone-level-8hr,inverse,0.0631412786108918,0.9368587213891082,0.00038480407870912,0.00046069243051946005,0.0009523369579277,0.0010644751622138,0.0060943345965556945,0.007296216368351956,0.015082636571179964,0.016858625381561073,-0.00045200551323125996,-0.07332584900276998,-0.0074018949505269,-0.0079297676369711,-0.007158637315800087,-1.1612981335813708,-0.11722751127896991,-0.12558769495052993,0.0,0.0,-0.01125324161809502,-0.00937558200176002,0.0,-0.17822321412658007,-0.14848577995287446,0.0,-0.0108510955890809,-0.1058741771832439,-0.17185422639206893,-1.6767822811396271
1487,ozone-level-8hr,prev,0.0631412786108918,0.0631412786108918,0.04092562957019172,0.03915918338806896,0.0401748660560861,0.040141434677138,0.648159658317912,0.6201835669085428,0.6362694411632642,0.6357399716991737,0.040045937627923224,0.04108477629129752,0.0398146849753837,0.0397824658901732,0.6342275371822347,0.6506801445134252,0.63056507329764,0.6300548035356187,0.04053592989749336,0.6419877897515518,0.03998373962225572,0.04041551886269072,0.0399062198419406,0.6332424762674757,0.640080779987865,0.6320147567467349,0.0358669908381091,0.0363898198791252,0.5680434673985534,0.5763237723356459
1489,phoneme,inverse,0.2934863064396743,0.7065136935603257,-0.01556047510523422,0.028700751497634104,0.0094369068420872,0.0094369068420872,-0.05301942463347145,0.09779247231602439,0.03215450477593899,0.03215450477593899,0.04307816314710894,0.05557490370298838,0.0429145633933459,0.0423465828887395,0.1467808282767823,0.18936114729568043,0.14622339254580152,0.14428810462216157,0.13031400015657293,0.4440207168008323,0.12991898674944902,0.1295967853289198,0.1310824059352556,0.4426747820895476,0.4415769406793711,0.44663891656628074,0.1163979710231485,0.1177707979108087,0.39660443594520456,0.40128208821564326
1489,phoneme,prev,0.2934863064396743,0.2934863064396743,0.1455045563862619,0.1572558358350165,0.1455389122082984,0.1453372090116892,0.49577971167172713,0.5358200106257435,0.495896772745047,0.4952095066199044,0.17842327311335887,0.1865007326717466,0.1780794029738713,0.1782315297997464,0.6079441159549756,0.635466556972332,0.6067724424153849,0.607290786278581,0.22075537237910525,0.7521828703257786,0.22021075431889942,0.22111762026411533,0.21978207999045624,0.7503271855859599,0.7534171626149301,0.748866557546296,0.2142634036973444,0.2149723344897691,0.7300626945652264,0.7324782443774982
1502,skin-segmentation,inverse,0.7924605295910747,0.2075394704089253,0.7189303529664121,0.7459742545220907,0.7196300557030897,0.7299723436071758,0.9072128214857519,0.9413393180692899,0.9080957711224217,0.9211466266766067,0.7646461361248489,0.7732388307713027,0.7678915715404989,0.7678922223215567,0.9649012254521009,0.9757442823938616,0.968996616067107,0.9689974372828439,0.7921503370419655,0.9996085703482679,0.7921512089430947,0.7921508175446592,0.7921489631865908,0.9996096705937648,0.9996091766910141,0.9996068366904726,0.7921292214696523,0.7921396007783776,0.9995819247659017,0.9995950223377527
1502,skin-segmentation,prev,0.7924605295910747,0.7924605295910747,0.6836990719555512,0.736823311928517,0.7056113531296644,0.7056545965366474,0.8627547321610497,0.9297918122290991,0.8904056754647122,0.890460243995722,0.7514655037051055,0.7634332530555579,0.7509102083525904,0.7522228762939405,0.9482686842370263,0.9633706974018056,0.9475679611955877,0.9492244070276943,0.7918536034277681,0.9992341244255789,0.7919176857385629,0.7918583541127348,0.7918822411979649,0.9993149894130476,0.9992401192793151,0.999270262213049,0.791892307314612,0.7918136846067335,0.9992829645701649,0.999183751164648
1570,wilt,inverse,0.0539367637941723,0.9460632362058277,-0.01995603943528122,-0.016450222764281718,-0.0061007568683753,-0.0039438874960621,-0.3699895587253866,-0.3049909117101889,-0.11310943481252146,-0.0731205808177951,0.00394062784522038,-0.0038586583071590795,0.0012874652037813,-0.0004015554428976,0.07306014614184458,-0.0715404120626161,0.023869900847117684,-0.007444930222917579,0.021956585907599902,0.40708015021791577,0.021966539903613462,0.01903886527832544,0.02333532053334622,0.4072646995922821,0.3529849390107927,0.4326422071297412,0.0143327219000137,0.0092886874088924,0.26573195890485196,0.17221439989130405
1570,wilt,prev,0.0539367637941723,0.0539367637941723,0.046962804251616655,0.0486031849944048,0.047144641727413,0.0471346153982658,0.8707011868719279,0.9011142229422415,0.8740724954749107,0.8738866050276184,0.04957368748569108,0.04954983368956946,0.0499239793774664,0.0499499732334645,0.9191075622347101,0.918665307370984,0.9256020544350962,0.9260839865009001,0.050026279254781404,0.9274987176777296,0.05015107957972176,0.05011230973791277,0.050032846774550055,0.9298125443918537,0.9290937426121078,0.9276204810040151,0.0487762733277643,0.0488000694452792,0.904323320433148,0.9047645059222461
1590,adult,inverse,0.7607182343065395,0.2392817656934605,0.6986829415076631,0.6994513278366341,0.6986165930817037,0.6986071431476726,0.9184516815803332,0.9194617616524527,0.9183644634449352,0.9183520410609237,0.7003811476367628,0.6998479498935615,0.7003562372841448,0.7003366916671828,0.9206840536367856,0.9199831400538643,0.9206513078033157,0.9206256141679058,0.7090981378385027,0.9321429484136226,0.7091964436056825,0.7090874577659737,0.7091314573087468,0.9322721759813952,0.9321289089545333,0.932186748428847,0.7088282686840806,0.7089600024683953,0.9317881926811428,0.9319613629541478
1590,adult,prev,0.7607182343065395,0.7607182343065395,0.4809009933645094,0.4809231063539664,0.4812810805223598,0.4811851963097227,0.6321670385657211,0.6321961071333717,0.6326666810623899,0.6325406367422816,0.4925077824316696,0.48938048736314277,0.4926567048096694,0.4926660614786006,0.6474247102550829,0.6433137333815265,0.647620475745226,0.6476327755278646,0.5218007961966531,0.6859317585207086,0.5222592645882994,0.5220366968863323,0.5216937857761345,0.6865344368462312,0.6862418611040839,0.6857910882755472,0.5210352293533658,0.5209947697046734,0.6849253847955077,0.6848721986789303
4135,Amazon_employee_access,inverse,0.9421099209618848,0.05789007903811516,0.9385381620821185,0.9385381620821185,0.9385381620821184,0.9385381620821184,0.9962087663017924,0.9962087663017924,0.9962087663017923,0.9962087663017923,0.9385381620821185,0.9385381620821185,0.9385381626439344,0.9385381626439344,0.9962087663017924,0.9962087663017924,0.9962087668981304,0.9962087668981304,0.9385381620821185,0.9962087663017924,0.9385381620821185,0.9385381620821185,0.9385381620821185,0.9962087663017924,0.9962087663017924,0.9962087663017924,0.9385381626439344,0.9385400022476998,0.9962087668981304,0.996210719540518
4135,Amazon_employee_access,prev,0.9421099209618848,0.9421099209618848,0.24818658372030114,0.2580454408054562,0.2486288232269294,0.248626159598509,0.26343697078033645,0.27390162768055176,0.26390638469562216,0.2639035573945174,0.2481940184599693,0.25804436173951617,0.2486758945781682,0.2487103962093796,0.2634448623644316,0.2739004823089597,0.2639563484527077,0.26399297011483414,0.31645935972154976,0.33590492221804424,0.3156044981959675,0.31495848640443336,0.31520055022760546,0.33499753178879427,0.3343118243387819,0.3345687623221172,0.313750228700297,0.3150712704124155,0.3330293225019445,0.3344315386157179
4532,higgs,prev,0.5285772565017848,0.5285772565017848,0.142798328466395,0.15538779393368743,0.1431046245117845,0.1431315214022894,0.27015602111119746,0.29397366614309245,0.270735493726831,0.2707863791748409,0.17990396145931495,0.18396578833431237,0.1792071998977627,0.1811919336540771,0.34035509331209274,0.3480395459158224,0.33903691029725114,0.3427917705979945,0.23838291138210105,0.4509897246804756,0.2384821758038207,0.23898526988926516,0.23829105317566576,0.4511775201644822,0.4521293092913433,0.4508159408006257,0.2389365119813028,0.2387933456686886,0.4520370656176653,0.4517662134180045
4534,PhishingWebsites,prev,0.5569425599276345,0.5569425599276345,0.4876700580658828,0.4937952923272304,0.486780701334231,0.4864273460059872,0.875620024674084,0.8866179887408693,0.8740231692788573,0.8733887136748723,0.48766864057163134,0.49377966170956045,0.4866466243715623,0.4862902805133149,0.8756174795386364,0.886589923696474,0.8737824317732047,0.8731426102119046,0.5210861355756409,0.9356191698536154,0.5212192328480746,0.5212021879046563,0.5221650994407225,0.9358581483085049,0.9358275438177645,0.937556468136623,0.5185364169330038,0.518537783764974,0.9310411059272953,0.9310435600977404
23517,numerai28.6,prev,0.5051702657807309,0.5051702657807309,0.02399621960248518,0.02399621960248518,0.0240050972269378,0.0240043792672862,0.047501251019593335,0.047501251019593335,0.047518824548864504,0.04751740332576363,0.0243996014792958,0.02347655750899176,0.0243331070575227,0.0243329296405237,0.04829975778876591,0.046472564003166725,0.048168130046047655,0.04816777884366893,0.0238874042930274,0.04728584778462738,0.023289059470870378,0.02310420812480734,0.0238874042930274,0.04610140589901424,0.04573548700278357,0.04728584778462738,0.0226914317691237,0.0228463626705932,0.044918383575198215,0.04522507403575028
40536,SpeedDating,inverse,0.1647171162568632,0.8352828837431368,0.00343389080056202,-0.0037831081033224195,-0.0090384374912365,-0.0096642553271114,0.02084720081674537,-0.02296730412292408,-0.05487248500114449,-0.058671834152564724,0.00137017115683348,-0.00133892430637248,-0.0036832345099597,-0.0066951448445512,0.008318328950689055,-0.00812862886868742,-0.02236097009017563,-0.04064632138235504,0.00299527090463292,0.018184333071749718,0.00167429861013044,0.00056835355062704,0.00152904402525042,0.01016469112729915,0.0034504826428647405,0.009282848437353637,-0.0403213542817995,-0.043496836986343,-0.24479152621225814,-0.2640699277330302
40536,SpeedDating,prev,0.1647171162568632,0.1647171162568632,0.08996867684147405,0.08473293290472664,0.0896365860980204,0.0895277336860901,0.5462011409984563,0.5144148636781158,0.5441850132820398,0.5435241687116398,0.09023246412566752,0.08545305638481458,0.0895287065715939,0.0896937506724559,0.5478025974237989,0.5187867437623019,0.5435300751136332,0.5445320602419098,0.09366851091392578,0.5686628872730944,0.09400786520891792,0.09338857543752917,0.09350348903006452,0.5707231121161699,0.5669633949388547,0.5676610370245512,0.0920270183840118,0.0922053565062787,0.5586973623342398,0.5597800556591327
40701,churn,inverse,0.1414,0.8586,-0.00787663641448204,0.04194220691630314,0.000131343283582,-0.0014952295059998,-0.05570464225234823,0.29662098243495855,0.000928877535940594,-0.010574466096179633,-0.00665479425283882,0.04702544439606336,-0.0003214231207528,-0.0012315400584757,-0.04706360857736082,0.33257032811926,-0.002273147954404526,-0.0087096185182157,0.06532562278813474,0.46199167459784113,0.07348198569567962,0.06953608083596527,0.07240554798232254,0.5196745805917937,0.49176860562917446,0.5120618669188298,0.0689393602608667,0.0580642972314314,0.48754851669636984,0.4106385942816931
40701,churn,prev,0.1414,0.1414,0.09007021026809842,0.10361403436504626,0.0904880668998638,0.0914831997074287,0.6369887572001303,0.7327725202619962,0.6399438960386408,0.6469816103778551,0.09208501935491498,0.10156074507070278,0.0902686109484777,0.0918437776040103,0.651237760642963,0.7182513795664978,0.6383918737516103,0.6495316662235524,0.11180366281247885,0.7906906846709961,0.11193487681693759,0.11233556991273622,0.11193477765452216,0.7916186479274229,0.7944524039090256,0.7916179466373562,0.111325496631409,0.111037063506214,0.7873090285106719,0.7852691902843989
40978,Internet-Advertisements,inverse,0.8600182982616651,0.1399817017383349,0.8522486807113993,0.8514808019628864,0.8527750015523402,0.851922311463581,0.9909657532101697,0.9900728899419521,0.9915777411667105,0.990586262159249,0.8520224480691067,0.851915969589626,0.8526009166704771,0.8515165834087665,0.9907026975952485,0.9905788880441078,0.9913753211923739,0.9901144953891295,0.8521770656404406,0.9908824816436188,0.8533910369047788,0.8522743180768106,0.853451428352702,0.9922940461031099,0.9909955634659086,0.992364267222876,0.8532471278164373,0.8533266898844362,0.9921267135142192,0.9922192255783924
40978,Internet-Advertisements,prev,0.8600182982616651,0.8600182982616651,0.7631751157289417,0.7593397765390035,0.7698102356525062,0.7656923313542141,0.8873940441401418,0.8829344422948201,0.8951091357108397,0.8903209767767618,0.762820700778929,0.7593455516436515,0.7700521721167793,0.7643670538837031,0.8869819425014569,0.8829411573899054,0.8953904511953615,0.8887799892498803,0.7612431668721326,0.8851476397779159,0.7580534050851153,0.7647005064367679,0.758996841962861,0.8814386933596076,0.8891677165270079,0.8825356896440502,0.7610503038155475,0.7632257292830938,0.8849233851812697,0.8874528958578953
41142,christine,prev,0.5,0.5,0.22500610835513002,0.22500610835513002,0.2244790815228405,0.224195684879036,0.45001221671026004,0.45001221671026004,0.448958163045681,0.448391369758072,0.17807669111065616,0.17807669111065616,0.1784620554764137,0.1779639362013092,0.3561533822213123,0.3561533822213123,0.3569241109528274,0.3559278724026184,0.24275616538481629,0.48551233076963257,0.24141834277737276,0.24047992548556482,0.2432322755951483,0.4828366855547455,0.48095985097112964,0.4864645511902966,0.2431164393991145,0.2448151355991267,0.486232878798229,0.4896302711982534
41143,jasmine,prev,0.5,0.5,0.2962564416918368,0.3079822177948406,0.2963920699611204,0.2966666552581467,0.5925128833836736,0.6159644355896812,0.5927841399222408,0.5933333105162935,0.2913930290338511,0.3045154501852268,0.2912333486403377,0.2952166864358495,0.5827860580677022,0.6090309003704536,0.5824666972806753,0.590433372871699,0.30616998532618794,0.6123399706523759,0.30726945587568466,0.30826419643377034,0.30672723291799275,0.6145389117513693,0.6165283928675407,0.6134544658359855,0.3074860944622417,0.3048358348921263,0.6149721889244834,0.6096716697842526
41145,philippine,prev,0.5,0.5,0.21573117535268227,0.20767871710034838,0.2156141063768227,0.2145223609177775,0.43146235070536454,0.41535743420069676,0.4312282127536454,0.429044721835555,0.2251715657318039,0.21753383360722323,0.2259501008483763,0.2241046756161956,0.4503431314636078,0.43506766721444645,0.4519002016967526,0.4482093512323912,0.2525435220280101,0.5050870440560202,0.2595514698133581,0.25588489253187446,0.2541605923498538,0.5191029396267162,0.5117697850637489,0.5083211846997076,0.2543138833731538,0.2529440728589554,0.5086277667463076,0.5058881457179109
41146,sylvine,prev,0.5,0.5,0.41246904610929613,0.4138101579778737,0.4125776736121755,0.4129097901767834,0.8249380922185923,0.8276203159557474,0.825155347224351,0.8258195803535668,0.42313721759516226,0.4258957167413634,0.4216836670770168,0.4234637459521352,0.8462744351903245,0.8517914334827268,0.8433673341540336,0.8469274919042704,0.4424775301935445,0.884955060387089,0.4437420937405395,0.4434898540626028,0.4467864066583873,0.887484187481079,0.8869797081252055,0.8935728133167746,0.4437049870559197,0.4409305760239592,0.8874099741118394,0.8818611520479184
41150,MiniBooNE,inverse,0.2806233854102595,0.7193766145897404,0.10163364055881803,0.1080209609807192,0.1440764267094322,0.1440319092145439,0.36217095881098416,0.3849321424969524,0.5134156103875611,0.513256972521999,0.13660012242678346,0.1411372182873516,0.1390517179264475,0.1391828399747723,0.4867738382782314,0.5029417561940355,0.4955100863142955,0.4959773390635028,0.19358528428024288,0.6898401713642981,0.19341650123707796,0.1934768106609736,0.19316344398740032,0.6892387138524155,0.6894536261763028,0.6883369456362433,0.191524172784802,0.1912398863565273,0.6824954110820157,0.6814823578474855
41150,MiniBooNE,prev,0.2806233854102595,0.2806233854102595,0.1955417522033946,0.1982844203079513,0.225750800044909,0.2257496219277646,0.6968120348114283,0.7065855185877252,0.8044618224346161,0.8044576242201918,0.22261106293085234,0.22261106293085234,0.2225012617341042,0.2225302121273654,0.7932733852718811,0.7932733852718811,0.7928821092683234,0.792985273846781,0.2503630287379334,0.8921673736203891,0.2503828081179633,0.25032654866318177,0.2503630287379335,0.8922378573400583,0.8920373770604149,0.8921673736203892,0.2489453587717853,0.2488851462827514,0.8871155139399296,0.8869009470429269
41434,Click_prediction_small,inverse,0.1684189446280164,0.8315810553719836,-0.00027050199834792,-3.0187283356830164e-05,-0.0001387246296078,-0.0001608345780178,-0.0016061257178957653,-0.0001792392383380873,-0.0008236877977961347,-0.0009549672596098506,-0.0004329478795936254,-0.00049970817854456,-0.0001295044244348,-0.0001524771909492,-0.0025706602101673824,-0.0029670544465663024,-0.0007689421443700047,-0.0009053446528000361,0.0001580723313925643,0.0009385662149925921,0.00062082344070568,3.59862358302873e-05,-0.00016981637428126,0.003686185316484915,0.00021367094960587357,-0.0010082973424179213,-0.0004762352980239,-0.0004560843231052,-0.002827682474057485,-0.002708034562932005
41434,Click_prediction_small,prev,0.1684189446280164,0.1684189446280164,0.03895325620033602,0.03947623942664662,0.0391098243048121,0.0391282238038517,0.23128785355098444,0.23439310532337682,0.23221748830687186,0.23232673669980197,0.0397227416158095,0.0384592770668764,0.0400200312235728,0.0400230158461311,0.23585673039065963,0.22835481573537136,0.23762190953021495,0.23763963094846094,0.04483731734449912,0.266224903876048,0.04488409921132236,0.0448670479544874,0.044799131695685904,0.26650267468696576,0.26640143158232205,0.2659981737484038,0.0447826834164758,0.0447871065028483,0.2659005108682187,0.2659267732722628
45035,albert,prev,0.5,0.5,0.14628617604484573,0.1503984410078643,0.1462723880665457,0.1469274550235385,0.29257235208969146,0.3007968820157286,0.2925447761330914,0.293854910047077,0.15265600866404158,0.15024707484762567,0.1526494312042172,0.1527294887033282,0.30531201732808316,0.30049414969525134,0.3052988624084344,0.3054589774066564,0.1619526129070164,0.3239052258140328,0.1618378522844957,0.1613319006431611,0.1615157653159108,0.3236757045689914,0.3226638012863222,0.3230315306318216,0.1613139906357113,0.1615656488504494,0.3226279812714226,0.3231312977008988
45072,airlines,prev,0.4454422923970537,0.4454422923970537,0.11160164084978245,0.11409184765899309,0.1118655637874006,0.1118123929026608,0.2505411873875329,0.25613160134623025,0.25113368374929035,0.2510143172552521,0.11681604803823382,0.116936988029449,0.1168123119801205,0.1167476198097857,0.26224732144227464,0.26251882684999955,0.26223893414233235,0.26209370282631456,0.1400581384773873,0.3144248780772342,0.14008351095482585,0.14007723261039495,0.14003249407065405,0.3144818382668516,0.31446774363655255,0.3143673074173059,0.1346081752914326,0.134646139874598,0.3021899302984167,0.30227515925806736
